{
    "available_space": true,
    "id": "p",
    "size_max": 26.04373836517334,
    "size_mean": 8.725228986074757,
    "size_min": 1.3025550842285156,
    "total_size": 750.3696928024292
}