{
    "available_space": true,
    "size_max": 26.04373836517334,
    "size_mean": 8.62507864324058,
    "size_min": 1.3025550842285156,
    "total_size": 707.2564487457275,
    "video_list": {
        "@PATIA NO - Genocidio Tropical + Letra-JAyZhScH1uk.mp4": {
            "size": 2.823493003845215
        },
        "PLATERO Y TU - Juliette - Videoclip-hu9ZWAqNZ_0.mp4": {
            "size": 17.56049919128418
        },
        "PUNK ENVIDIA KOTXINA LADY DI-9PN6CIBZfjc.mp4": {
            "size": 5.756927490234375
        },
        "Pactando carreras-JPhaHmCUPy0.mp4": {
            "size": 3.25815486907959
        },
        "Padre Nuestro, Juana, Canciones Infantiles - MundoCanticuentos-G5FPKUMlNMo.mp4": {
            "size": 9.635639190673828
        },
        "Paper Tiger ~ Sue Thompson (1964)-BwSeSjR1REM.mp4": {
            "size": 6.043060302734375
        },
        "Para Vivir Sin Ti-Marco Antonio Solis-2010.mp4": {
            "size": 11.183340072631836
        },
        "Para que puedas olvidarme-e8uESy25yAg.mp4": {
            "size": 6.672281265258789
        },
        "Parlour Magic - 'Phantom West' (OFFICIAL AUDIO)-ypKz5MPrFpc.mp4": {
            "size": 6.10609245300293
        },
        "Passion - Glorious Day (Live) ft. Kristian Stanfill-LfzpfqrPUDo.mp4": {
            "size": 26.04373836517334
        },
        "Pasteur Lappe - The Sekele Movement.mp4": {
            "size": 7.65447998046875
        },
        "Pata Negra - Lun\u00e1tico-doFuQaBThR4.mp4": {
            "size": 7.604181289672852
        },
        "Pata de Perro-pcYhyYGjbbU.mp4": {
            "size": 8.487751007080078
        },
        "Pate de fua - Nato a barazra-Fw9xnPn_AJ0.mp4": {
            "size": 11.273112297058105
        },
        "Pat\u00e9 de Fu\u00e1 - Celoso y Desubicado-V4De-JiulHA.mp4": {
            "size": 18.727377891540527
        },
        "Pat\u00e9 de Fu\u00e1 - Los Enanos Negros de Praga-ZnSPdeHoEAI.mp4": {
            "size": 9.720460891723633
        },
        "Pat\u00e9 de Fu\u00e1 - Viejo puerto-NwEbT5vpILA.mp4": {
            "size": 8.462508201599121
        },
        "Paul Simon - Diamonds On The Soles Of Her Shoes (Todd Terje Edit).mp4": {
            "size": 10.80160903930664
        },
        "Pearl Jam-Last Kiss.mp4": {
            "size": 13.391671180725098
        },
        "Peligrosa Mar\u00eda-dhtnTSBPUBg.mp4": {
            "size": 6.82712459564209
        },
        "Pennies From Heaven (Remastered 1998)-fjKp0G3dOK0.mp4": {
            "size": 5.116374969482422
        },
        "Pense Que Fueras Tu - Chuy Vega, Lupe Tijerina - Los Cadetes-5-SJOR0fo2U.mp4": {
            "size": 10.796012878417969
        },
        "People Are Strange-xf8B2hxeIGk.mp4": {
            "size": 4.539365768432617
        },
        "Pepe Aguilar - Me Estoy Acostumbrando A Ti-oF17snWFih0.mp4": {
            "size": 15.300251007080078
        },
        "Pepe Aguilar - Por una Mujer Bonita (Video Oficial)-EtIjtlmjnKE.mp4": {
            "size": 12.676412582397461
        },
        "Pepe Botika-vOeAxb7tT24.mp4": {
            "size": 11.818089485168457
        },
        "Peque\u00f1a y Fr\u00e1gil-4zraD1WcOeg.mp4": {
            "size": 12.671089172363281
        },
        "Perdida-CNRpPd_EAxU.mp4": {
            "size": 7.203564643859863
        },
        "Perd\u00f3name (letra) _  Deorro ft. Dycy-yqVOg3pB_QI.mp4": {
            "size": 11.20549201965332
        },
        "Perversion-X3P3FqrIcng.mp4": {
            "size": 2.555400848388672
        },
        "Pesada-2MG-DZJZB9U.mp4": {
            "size": 7.013540267944336
        },
        "Pesado - Somos Ajenos (Live at Nuevo Le\u00f3n M\u00e9xico) ft. Arnulfo L\u00f3pez-0fiZAvOKpDo.mp4": {
            "size": 15.02820110321045
        },
        "Pesado-Loco (Con Letra)-UdlGXCgGxCU.mp4": {
            "size": 4.82511043548584
        },
        "Piel de Diciembre-qz_yn4jBuk4.mp4": {
            "size": 8.583780288696289
        },
        "Piero - El trencito del oeste - 1975-gPbSIXxDUeI.mp4": {
            "size": 11.281400680541992
        },
        "Piero - Juan Boliche [Canci\u00f3n Oficial] \u00ae-wdW3o6nwOfY.mp4": {
            "size": 7.843483924865723
        },
        "Piero - Mi Viejo-vSX8EdYU3h8.mp4": {
            "size": 9.888190269470215
        },
        "Piero - Pete Cuatrocky [Canci\u00f3n Oficial] \u00ae-pkJGH22ayzE.mp4": {
            "size": 6.285984992980957
        },
        "Piero - Shorty Malone [Canci\u00f3n Oficial] \u00ae-CSWnlqwX5OI.mp4": {
            "size": 6.2757463455200195
        },
        "Pink Floyd - Speak To Me _ Breathe HD (Studio Version)-R49d4f5sEs4.mp4": {
            "size": 6.171996116638184
        },
        "Pink Floyd - Us and Them-nDbeqj-1XOo.mp4": {
            "size": 7.045487403869629
        },
        "Piperrak - A la mierda-ECd__5p73A0.mp4": {
            "size": 6.7518463134765625
        },
        "Piperrak - Anark\u00eda-EoJY3zRSP7w.mp4": {
            "size": 4.889116287231445
        },
        "Piperrak - Ilargi Betea-X_DfqixAp0k.mp4": {
            "size": 3.8307762145996094
        },
        "Piperrak - Iru\u00f1ea 6 de julio-FwCyu3W3JC8.mp4": {
            "size": 3.3974475860595703
        },
        "Piperrak - Juli\u00e1n-qUnjKuWBL1A.mp4": {
            "size": 6.063510894775391
        },
        "Piperrak - Kondenados-H0Kn_JtZTuQ.mp4": {
            "size": 3.5703296661376953
        },
        "Piperrak - Zoofilia-_pQ-ry1ZdAw.mp4": {
            "size": 6.670507431030273
        },
        "Piperrak-Kualkier dia-oqs3R4UYZsE.mp4": {
            "size": 5.704124450683594
        },
        "Pixies - Wave Of Mutilation (Peel Session)-uOEGqddlcVs.mp4": {
            "size": 3.6364212036132812
        },
        "Planeta Eskoria-VyF33LaywPM.mp4": {
            "size": 9.071242332458496
        },
        "Playas Negras - Los Cadetes De Linares-NAI9Uc-n8fA.mp4": {
            "size": 3.189138412475586
        },
        "Playboy, Page Fourteen ~ Leon McAuliffe (1965)-nZQ_fLYp3bs.mp4": {
            "size": 5.317141532897949
        },
        "Poncho K - Cuidado [No quiero empates - 2001]-Za04IB5Nh3g.mp4": {
            "size": 3.4401121139526367
        },
        "Poncho K - Kolegas (Directo Live)-_3XtpgWhDPY.mp4": {
            "size": 14.841256141662598
        },
        "Poncho K - Revancha-JY1F6hOFWH0.mp4": {
            "size": 2.8973302841186523
        },
        "Poncho K - Un perro como t\u00fa (Con Albert Pl\u00e1). [No quiero empates - 2001]-NPJ4sVYpXQo.mp4": {
            "size": 5.262673377990723
        },
        "Poncho k - Me das pena--ePX45A_v1k.mp4": {
            "size": 9.967819213867188
        },
        "Poncho k - Sol que se ausenta en estiercol - Acustico - Directo-aRTwkTUkW_E.mp4": {
            "size": 11.643877029418945
        },
        "Poncho k - Sopas de Cari\u00f1o (Directo - Ac\u00fastico)-hRQN86AIt0Y.mp4": {
            "size": 17.11321258544922
        },
        "Por Las Calles De Chihuahua - Conjunto Primavera.mp4": {
            "size": 6.008683204650879
        },
        "Por dentro estoy llorando-IHL2fG7WwKw.mp4": {
            "size": 6.188497543334961
        },
        "Por el estrecho - Robe con Ratanera-uGnI2NoXHRo.mp4": {
            "size": 11.448980331420898
        },
        "Por la sombrita.  Pesado-U1XgNxtm3Kc.mp4": {
            "size": 4.207075119018555
        },
        "Possessions--kaov6ynoCE.mp4": {
            "size": 2.1883153915405273
        },
        "Preciosa - Descemer Bueno feat Eliades Ochoa-j7KYaRoNJcE.mp4": {
            "size": 16.07213592529297
        },
        "Preferimos el Txu-Txu-cHdaL7GVYtM.mp4": {
            "size": 4.679873466491699
        },
        "Prenda Querida-15jzvoxbJ5U.mp4": {
            "size": 4.646441459655762
        },
        "Presente - Control Machete-ZJJrRt9DD7s.mp4": {
            "size": 7.946062088012695
        },