{
    "available_space": true,
    "id": "p",
    "size_max": 26.04373836517334,
    "size_mean": 8.704263763866205,
    "size_min": 1.3025550842285156,
    "total_size": 757.2709474563599
}