{
    "available_space": true,
    "id": "p",
    "size_max": 26.04373836517334,
    "size_mean": 8.61797035441679,
    "size_min": 1.3025550842285156,
    "total_size": 732.5274801254272
}